"","This sheet is designed to have useful things like community builds for rogue traders and companions. There is also a list of talents and abilities found in game","","","","","","","","","","","","","","","","","","","","","","","",""
"","Build cover up to patch 1.6. There may be sections that still are work in progress.","","","","","","","","","","","","","","","","","","","","","","","",""
"","Builds are focused on early game for playing 1-55 without respec. If you used respec the builds would not only be stronger but entirely different. The early levels are designed for various bosses. So 15 the build needs to fight Aurora. By 18-21 the Forgefiend. by 30 the Fabricator Delphim, by 40 yremeryss and by 50 Uralon & Daybreak - DLC 3 appears to change these goal points","","","","","","","","","","","","","","","","","","","","","","","",""
"","This video will explain itemisation for companions https://youtu.be/oUydwNOMrho ","","","","","","","","","","","","","","","","","","","","","","","",""
"","A full write up on how DEFENCES work can be found here: https://www.reddit.com/r/RogueTraderCRPG/comments/1se2go8/lets_talk_about_defences/ ","","","","","","","","","","","","","","","","","","","","","","","",""
"","A reliable wiki is now underway! https://roguetrader.wh40k.wiki/Warhammer_40,000_Rogue_Trader_Wiki ","","","","","","","","","","","","","","","","","","","","","","","",""
"","There is an auto level mod where a few people are trading codes to my builds, whilst im not officially linked, you can check it out here: https://www.nexusmods.com/warhammer40kroguetrader/mods/390/?tab=forum&topic_id=16410859 ","","","","","","","","","","","","","","","","","","","","","","","",""
"","Skill options","(You can pick two skills per member to min-max):","","","Spreadsheet tables use the following key:","","","","","","","","","","","","","","","","","","","",""
"","Athletics (Str)","Abelard, Heinrix, Ulfar, Marazhai, Kibellah","","","Ability","Level ups that acquire a new ability","","","","","","","","","","","","","","","","","","",""
"","Awareness (Per)","Cassia, Pasqal, Idira, Yrliet, Argenta, Solomorne","","","Skill","Level ups that acquire a new skill","","","","","","","","","","","","","","","","","","",""
"","Carouse (Tgh)","Abelard, Heinrix, Ulfar, Marazhai, Kibellah","","","Talent","Level ups that take an archetype talent, before exemplar you can also take common talents here","","","","","","","","","","","","","","","","","","",""
"","Coercion (Fel)","Cassia, Jae, Solomorne","","","Common Talent","Common talent levels cant take an archetype talent but archetype talents can take common talents before exemplar","","","","","","","","","","","","","","","","","","",""
"","Commerce (Fel)","Cassia, Jae","","","Heroic Action","When you gain a heroic action or upgrade to your heroic actions","","","","","","","","","","","","","","","","","","",""
"","Persuasion (Fel)","Cassia, Jae","","","Stats","Level ups that acquire an improvement to a stat. Choices are limited to origin / archetype","","","","","","","","","","","","","","","","","","",""
"","Demolition (Agi)","Argenta, Ulfar, Kibellah, Yrliet, Marazhai, Solomorne","","","","","","","","","","","","","","","","","","","","","","",""
"","Logic (Int)","Pasqal, Idira, Yrliet, Jae, Eogunn","","","","","","","","","","","","","","","","","","","","","","",""
"","Lore Imperium (Int)","Argenta, Idira, Jae, Yrliet, Eogunn","","","","","","","","","","","","","","","","","","","","","","",""
"","Lore Warp (Int)","Idira, Heinrix, Cassia* (cassia navigator checks)","","","","","","","","","","","","","","","","","","","","","","",""
"","Lore Xenos (Int)","Heinrix, Jae, Idira, Yrliet, Marazhai, Eogunn","","","","","","","","","","","","","","","","","","","","","","",""
"","Medicae (int)","Kibellah, Heinrix, Eogunn (1 point to use medicae kits)","","","","","","","","","","","","","","","","","","","","","","",""
"","Tech-Use (int)","Pasqal, Idira, Yrliet, Jae, Eogunn","","","","","","","","","","","","","","","","","","","","","","",""
"","Example: Abelard, Idira, Cassia, Argenta, Pasqal with bold skills","","","","","","","","","","","","","","","","","","","","","","","",""
"","Medicae, Commerce or Coercion on RT","","","","","","","","","","","","","","","","","","","","","","","",""
"","Jae Cold trader Bonuses:","","","","","","","","","","","","","","","","","","","","","","","",""
"","Drusians: +(2x reputation level) % to all resistance tests and +(4x reputation level) to Lore (Imperium)","","","","","","","","","","","","","","","","","","","","","","","",""
"","Explorators: +(2x reputation level) % to armour and +(4x reputation level) to Tech-Use","","","","","","","","","","","","","","","","","","","","","","","",""
"","Kasballica Mission: +(2x reputation level) % to dodge and parry and +(4x reputation level) to Commerce","","","","","","","","","","","","","","","","","","","","","","","",""
"","Fellowship of the Void: +(2x reputation level) % to critical hit chance and +(4x reputation level) to Coercion","","","","","","","","","","","","","","","","","","","","","","","",""
"","The Imperial Navy: +(2x reputation level) % to cover efficiency and +(4x reputation level) to Persuasion","","","","","","","","","","","","","","","","","","","","","","","",""
"","Characteristic","Explaination","","Benefits","","","","","","","","","","","","","","","","","","","","",""
"","Weapon Skill","Melee hit, parry, critical chance","","Melee focused archtypes","","","","","","","","","","","","","","","","","","","","",""
"","Ballistic Skill","Ranged hit, critical chance","","Ranged focused archtypes","","","","","","","","","","","","","","","","","","","","",""
"","Strength","Melee damage, increase for 2h","","Melee focused archtypes","","","","","","","","","","","","","","","","","","","","",""
"","Toughness","Wounds, physical resistence","","All / Tank Archtype","","","","","","","","","","","","","","","","","","","","",""
"","Agility","Initiative, dodge, dodge reduction 1/2 melee","","Dodge focused archtypes","","","","","","","","","","","","","","","","","","","","",""
"","Intelligence","Area damage","","Operative abilities","","","","","","","","","","","","","","","","","","","","",""
"","Perception","Dodge reduction, Initiative","","Ranged focused / (All)","","","","","","","","","","","","","","","","","","","","",""
"","WIllpower","Mental resistance, some origin benefits","","Psyker damage, Navigators / (All) , Priest Origin","","","","","","","","","","","","","","","","","","","","",""
"","Fellowship","Resolve","","Officer buffs, (All)","","","","","","","","","","","","","","","","","","","","",""
"","Companions","Role","","","","","","","","","","","","","","","","","","","","","","",""
"","Abelard","Frontline Damage / Tank","","","","","","","","","","","","","","","","","","","","","","",""
"","Idira","Psyker Support / Disruptor / Blaster","","","","","","","","","","","","","","","","","","","","","","",""
"","Argenta","Ranged Damage","","","","","","","","","","","","","","","","","","","","","","",""
"","Cassia","Navigator Support / Disruptor / Secondary Damage","","","","","","","","","","","","","","","","","","","","","","",""
"","Pasqal","Disruptor / Secondary Damage / Secondary Support","","","","","","","","","","","","","","","","","","","","","","",""
"","Heinrix","Psyker Frontline Damage / Blaster / Buffer / Tank","","","","","","","","","","","","","","","","","","","","","","",""
"","Jae","Support / Secondary Damage","","","","","","","","","","","","","","","","","","","","","","",""
"","Yrliet","Long Range Damage","","","","","","","","","","","","","","","","","","","","","","",""
"","Ulfar","Mixed Damage / Tank","","","","","","","","","","","","","","","","","","","","","","",""
"","Marazhai","Armour / Dodge Tank - AoE Death Aura","","","","","","","","","","","","","","","","","","","","","","",""
"","Kibellah","Frontline Agility Damage / Dodge Tank","","","","","","","","","","","","","","","","","","","","","","",""
"","Solomorne","Shotgun Damage Dealer","","","","","","","","","","","","","","","","","","","","","","",""
"","Eogunn","Support","","","","","","","","","","","","","","","","","","","","","","",""
"","Glossary:","","","","","","","","","","","","","","","","","","","","","","","",""
"","Word","Meaning","","","","","","","","","","","","","","","","","","","","","","",""
"","1H / 2H","one handed / two handed - referring to if a weapons can be held with one or two hands","","","","","","","","","","","","","","","","","","","","","","",""
"","AoO","Attack of Opportunity - some actions provoke melee attacks such as moving away or reloading","","","","","","","","","","","","","","","","","","","","","","",""
"","Heroic Turn","Referring to finest hour being used on an ally giving them a bonus turn with no attack limit","","","","","","","","","","","","","","","","","","","","","","",""
"","LI / LW / LX","Lore Imperium/Warp/Xenos","","","","","","","","","","","","","","","","","","","","","","",""
"","PR","Psy Rating - psyker stat for their psychic power. Increasing this has psyker benefits.","","","","","","","","","","","","","","","","","","","","","","",""
"","Priority Target","Someone that has used a taunt and is considered the main target","","","","","","","","","","","","","","","","","","","","","","",""
"","RoF","Rate of Fire - how many shots a weapon will take during a burst fire","","","","","","","","","","","","","","","","","","","","","","",""
"","WS / BS","Weapon Skill / Ballistic Skill - your melee and ranged hit chance","","","","","","","","","","","","","","","","","","","","","","",""
"","DoT","Damage over time. These are specific effects for Burning, Poison and bleeding","","","","","","","","","","","","","","","","","","","","","","",""
"","Warp Damage","A specific damage type caused by navigator powers, warp fire from psykers, perils of thhe warp or sanctic staffs","","","","","","","","","","","","","","","","","","","","","","",""
"","Perils of the warp","When a Psyker invokes Psychic Phenomena, usually a negative effect.","","","","","","","","","","","","","","","","","","","","","","",""
"","Resolve","fellowship bonus +1. used to generate momentum on kill and by various talents / gear","","","","","","","","","","","","","","","","","","","","","","",""
"","Buffs: https://roguetrader.wh40k.wiki/Category:Buff ","","","","","","","","","","","","","","","","","","","","","","","",""
"","Satus","Effect","","","","","","","","","","","","","","","","","","","","","","",""
"","Bleeding","Suffers damage at the start of each turn.","","","","","","","","","","","","","","","","","","","","","","",""
"","Blinded","Suffers a -30 penalty to Ballistic Skill and Weapon Skill, as well as a -30% penalty to dodge and parry.","","","","","","","","","","","","","","","","","","","","","","",""
"","Burning","Suffers fire damage and round.","","","","","","","","","","","","","","","","","","","","","","",""
"","Cannot Attack","Cannot use weapons.","","","","","","","","","","","","","","","","","","","","","","",""
"","Disturbed","Each stack grants a -10 penalty to any Willpower and Fellowship.","","","","","","","","","","","","","","","","","","","","","","",""
"","Exhaustion","the next successful attack guarantees critical hit on that target","","","","","","","","","","","","","","","","","","","","","","",""
"","Fatigued","Each stack grants a -10 penalty to Strength, Toughness, and Agility and -1 movement point.","","","","","","","","","","","","","","","","","","","","","","",""
"","Horrors of the warp","-5 Weapon Skill, Ballistic Skill, Willpower, Strength and -1 resolve per difficulty tier of the daemon","","","","","","","","","","","","","","","","","","","","","","",""
"","Immobilised","Immobilised targets do not regain movement points at the beginning of their turn and cannot use abilities that move them or add movement points.","","","","","","","","","","","","","","","","","","","","","","",""
"","Melting","Each stack reduces deflection by -1 and armour by -10%","","","","","","","","","","","","","","","","","","","","","","",""
"","Perplexed","Each stack grants a -10 penalty to Ballistic Skill, Weapon Skill, Intelligence, and Perception.","","","","","","","","","","","","","","","","","","","","","","",""
"","Prone","Cannot act and suffers a -30 penalty to parry and dodge.","","","","","","","","","","","","","","","","","","","","","","",""
"","Psy Dampening","Psy rating is reduced by-1","","","","","","","","","","","","","","","","","","","","","","",""
"","Psychosomatic Trauma","Cannot use psychic powers.","","","","","","","","","","","","","","","","","","","","","","",""
"","Slowed","Movement points are reduced by -3.","","","","","","","","","","","","","","","","","","","","","","",""
"","Staggered","Suffers a -20 penalty to Weapon Skill, Ballistic Skill, Strength, Toughness, and Agility.","","","","","","","","","","","","","","","","","","","","","","",""
"","Stunned","While stunned, a character cannot parry, dodge, or make attacks of opportunity.","","","","","","","","","","","","","","","","","","","","","","",""
"","Toxin","At the start of every turn, the affected target must pass a Toughness resistance test to remove this effect or suffer damage.","","","","","","","","","","","","","","","","","","","","","","",""
"","How does burst fire work?","","","","","","","","","","","","","","","","","","","","","","","",""
"","This question should be more how does recoil work as burst fire is quite literally just auto hit attack that if the bullets on their trajectory path hits an enemy it always hits but that does not mean enemies cant dodge","","","","","","","","","","","","","","","","","","","","","","","",""
"","effectiveBS = (40 + BS/2 + accuracy bonuses - recoil (if 2nd+ shot) ), capped betwen 30 and 95
central_line_chance =  effectiveBS/ 2, but no lower than 30 and no higher than 95/2
slight_deviation = effectiveBS - central_line_chance
strong deviation = 100 - central - slight (or simply speaking the rest of the chance)
code is in RuleCalculateScatterShotHitDirection Probability
central line trajectory probability can vary between 15% and 48%, with BS having half of the effect of Recoil per point. Slight caps at 95%, with the same tendencies. WIth in effective range","","","","","","","","","","","","","","","","","","","","","","","",""
"","How does area damage work?","","","","","","","","","","","","","","","","","","","","","","","",""
"","Area damage again seems like an auto hit but the way it works is even if the attack misses the damage still does half damage to enemies, however that does not mean enemies cant dodge the attack","","","","","","","","","","","","","","","","","","","","","","","",""
"","To note, burst and area are two very different damage types which will not stack range abilities like concentrated fire. Concentrated fire will not increase the damage of burst attacks.","","","","","","","","","","","","","","","","","","","","","","","",""
"","How does Initiative work?","","","","","","","","","","","","","","","","","","","","","","","",""
"","Initiative is 1d10 + agi mod + 1/2 per mod - however it gets a little clunky because they alternate initiative blocks. So if two allies get the same roll and have the highest they both go first, then the next highest block of enemies, then back to allies then back to enemies.","","","","","","","","","","","","","","","","","","","","","","","",""
"","It essentially forces all your low agility characters to go dead last and can cause ally clumps at the back depending on how many enemy blocks there are.","","","","","","","","","","","","","","","","","","","","","","","",""
"","It gets even more borked by grand strategist creating new initiative blocks at the front and being pulled out of their own blocks then moving up enemies.","","","","","","","","","","","","","","","","","","","","","","","",""
"","How do I clear my cache file?","","","","","","","","","","","","","","","","","","","","","","","",""
"","deleting all files except saved games, portraits and screenshots from the following folder: C:\Users\ <username> \AppData\LocalLow\Owlcat Games\Warhammer 40000 Rogue Trader","","","","","","","","","","","","","","","","","","","","","","","",""
"","I highly recommend doing this after every major update to reduce the risk of game breaking bugs as owlcat are not the best when it comes to major update pushes","","","","","","","","","","","","","","","","","","","","","","","",""
"","What is the psyker staff bug?","","","","","","","","","","","","","","","","","","","","","","","",""
"","Psyker powers are neither melee nor range with their damage being auto hit, undodable and being entirely on psy rating and sometimes willpower. There are even some buffs that will use other stats","","","","","","","","","","","","","","","","","","","","","","","",""
"","So what is the bug? Well psyker staff powers actually count as melee attacks. Will gain benefits from melee talents and abilities. Such as a pyromancy staff will gain damage increases from strength and reckless strike","","","","","","","","","","","","","","","","","","","","","","","",""
"","Whilst this benefit applies to all psyker staffs, some range talents or universal talents will also benefit but there is a drawback specifically for pyromancy inferno staff abilities. Enemies can parry this if your weapon skill is too low","","","","","","","","","","","","","","","","","","","","","","","",""
"","or dodge this attack if your perception is too low, this means especially for pyromancy you have to treat this ranged inferno power as essentially a normal melee weapon attack to make use of it.","","","","","","","","","","","","","","","","","","","","","","","",""